Fecha,Recuento de Minutos Activos,Calorías (kcal),Distancia (m),Puntos Cardio,Minutos de cardio,Velocidad media (m/s),Velocidad máxima (m/s),Velocidad mínima (m/s),Recuento de pasos,Bicicleta duración (ms),Inactivo duración (ms),Andar duración (ms),Correr duración (ms),Ciclismo urbano duración (ms),Jardinería duración (ms)
2021-08-01,3,233.409736276227,102.89831161499,,,0.534392689469931,1.18959224224091,0.29920220375061,310,,,214597,,,
2021-08-02,133,2177.4991554356,9706.35135817528,72,61,0.472009938949967,3.48584628105164,0.256459027528763,12957,,,6333644,725283,,
2021-08-03,119,2671.90671305512,14810.4101023674,138,81,0.557789633253873,3.53754878044128,0.256459027528763,15482,,,2395929,3898224,,
2021-08-04,117,2523.95856195235,12856.0391660929,114,74,0.546668982948612,3.61269998550415,0.256459027528763,14110,,,4317517,2516047,,
2021-08-05,89,1873.81076462166,5653.1588640213,48,44,0.523398196572648,2.22277808189392,0.263485342264175,8495,,,4260327,,,
2021-08-06,35,1707.22863208425,1884.65891599655,10,10,0.573978001743821,1.40238428115845,0.277830600738525,3246,,,1554780,,,
2021-08-07,125,2643.65418684415,14113.6654874086,127,75,0.636648187330259,3.70764064788818,0.254771023988724,15147,,,3728012,3469143,,
2021-08-08,142,2091.45815201182,9220.9104745388,85,85,0.631965145894652,1.53491568565369,0.267144829034805,13676,,,7795252,,,
2021-08-09,148,2359.75639651903,11251.6667494774,108,89,0.760789320386144,3.39584279060364,0.256459027528763,15224,,,6047105,2646677,,
2021-08-10,86,1893.80996533713,4920.12962460518,36,36,0.476683880755564,1.63373053073883,0.255728423595428,7607,,,4585142,,,
2021-08-11,138,2322.98102010461,11599.7499504089,93,65,0.660192001552254,3.50219893455505,0.256272673606873,14223,,,4552285,1809906,,
2021-08-12,65,1844.99472953352,4148.81524133682,30,24,0.531589622161287,2.84771656990051,0.265119612216949,6206,,,3128150,273268,,
2021-08-13,119,2019.25780688452,7074.45782826429,49,45,0.561220485451585,2.06209897994995,0.256459027528763,10827,,,6622608,,,
2021-08-14,118,1989.13111321933,6591.24040200228,57,57,0.500769097334283,1.8192663192749,0.256459027528763,9964,606847,,5484046,,,
2021-08-15,108,1977.67723598387,6969.50184178352,54,53,0.434354359692642,1.80415892601013,0.246449410915375,10229,,,5947275,,,
2021-08-16,165,2172.06062699497,11448.2020864487,111,97,0.506982513172584,2.30825781822205,0.250270545482635,16380,,,9084785,,,
2021-08-17,180,2593.10276428274,12353.7270855904,148,110,0.687630344918377,3.27236413955688,0.256459027528763,15435,2018934,,7214730,1972395,,
2021-08-18,186,2232.99031815322,6031.58206939697,108,106,0.622381543720611,1.8009660243988,0.256459027528763,9138,4538577,,5244137,,,
2021-08-19,229,2375.37948402878,8958.52706807552,148,132,0.69272737390367,2.43180775642395,0.254579097032547,13012,4787041,,7195542,,,
2021-08-20,166,2234.65947250084,6986.50491434636,95,91,0.481997665145107,2.33693861961365,0.256459027528763,10388,2901531,,7020553,,,
2021-08-21,146,2239.57987738771,17057.8769668341,92,91,0.720747323659078,9.4982852935791,0.0464932546019554,9860,152322,1211,5884330,86886,2346409,
2021-08-22,79,1844.88741059988,3491.49411476515,10,6,0.547542334279945,1.96300649642944,0.256459027528763,5592,,1211,3575013,,,366200
2021-08-23,110,2012.98751532217,6103.84374248125,72,67,0.495794845387213,2.33260178565979,0.258569031953812,9274,1192469,,5224010,,,
2021-08-24,145,2448.58703013916,15043.3496754169,153,88,0.491453905766218,3.4939432144165,0.256459027528763,17918,,,7008406,1351536,,
2021-08-25,76,1849.2528416557,4114.15661275387,23,23,0.733711382121436,1.75111532211304,0.267144829034805,6148,,,3861205,,,
2021-08-26,125,2035.23182704378,5957.7670968771,21,20,0.572168443854202,1.71085441112518,0.256459027528763,9137,,,6882052,,,
2021-08-27,109,2031.51204253591,6619.75789260864,46,40,0.536949862557167,1.87858772277832,0.256459027528763,9689,,,6821640,,,
2021-08-28,104,1981.81845818897,6055.23648381233,32,32,0.614064676226999,1.84923827648163,0.277830600738525,9122,,,6014537,,,
2021-08-29,150,2670.92905830669,16008.3638651371,142,89,0.682122579608202,3.60614252090454,0.250757575035095,17456,,,4734741,3074710,,
2021-08-30,183,2266.97164427296,8808.6554517746,104,88,0.634088565452358,2.52158498764038,0.249340251088142,13158,2251291,,8094968,,,
2021-08-31,194,2313.68312459334,7694.23647165298,126,113,0.572136168403983,2.38769245147705,0.256459027528763,11149,4043966,,7083238,,,
2021-09-01,213,2358.63418185934,8061.03902196884,120,108,0.525214369144838,2.23977708816528,0.255529850721359,11843,4006709,,7853125,,,
2021-09-02,205,2257.79699587423,9719.23840427399,105,95,0.505325293303886,2.30761313438416,0.256459027528763,14222,2370030,,7963985,,,
2021-09-03,144,2138.72976169536,4060.18887853622,93,93,0.521030631349939,1.64416587352753,0.267144829034805,6280,4147778,,4130801,,,
2021-09-04,195,2330.32024707623,12880.8227260113,135,128,0.545370634781961,2.40858364105225,0.246940612792969,18343,569716,,11065513,,,
2021-09-05,171,2145.80793095718,11403.4211246967,101,85,0.754976653553352,2.46663880348206,0.249335214495659,16344,,,8628210,,,
2021-09-06,290,2686.34547858223,11804.3593835831,242,227,0.596786026613127,2.22670888900757,0.256459027528763,16886,7798322,,9022804,,,
2021-09-07,224,3087.70539046668,19365.5898919106,212,146,0.802162907689638,3.49097585678101,0.277830600738525,21920,1885790,,7544384,3762851,,
2021-09-08,195,2302.87414154254,11949.7411856651,86,73,0.495552772855824,2.54996800422668,0.256459027528763,17427,,,11228969,,,
2021-09-09,292,2797.17986373676,18007.0839579105,245,205,0.942509444209775,3.40304613113403,0.282497972249985,23371,4127812,,9609488,1554003,,
2021-09-10,154,2160.50348821566,5181.27540944297,102,101,0.683534007834492,2.09250330924988,0.250228524208069,7640,4143278,,4489246,,,
2021-09-11,167,2259.98700289824,6667.90511967461,93,93,0.717806270995831,1.76615571975708,0.267144829034805,10186,3183427,,7130684,,,
2021-09-12,179,2186.74334426214,11039.7264168262,77,76,0.511042801789501,1.99595105648041,0.258821398019791,16083,,,9342829,,,
2021-09-13,174,2204.78148502439,5960.60343677828,86,83,0.584064841101128,2.08248853683472,0.245327010750771,9205,3713647,,5667483,,,
2021-09-14,229,2432.65910083086,10129.651162557,142,140,0.686221920168066,2.14463973045349,0.271091729402542,14749,4003598,,9058725,,,
2021-09-15,138,2071.64013985799,5242.48683380834,46,45,0.569467143831021,2.09358739852905,0.256459027528763,8059,1912967,,5429040,,,
2021-09-16,188,2778.02551417266,16875.6328342519,156,92,0.605836960982359,3.45306873321533,0.256459027528763,19963,,,6002089,3987999,,
2021-09-17,141,2066.34891103071,8889.39330131199,72,57,0.604695205636132,2.17092800140381,0.267144829034805,12874,,,7325456,,,
2021-09-18,141,2062.30988354964,7011.84936308861,73,69,0.447626796581757,2.1673641204834,0.249033331871033,10549,1343207,,5886522,,,
2021-09-19,269,3335.31709310062,24040.6701803207,262,184,0.647772354395999,3.50081658363342,0.256459027528763,27676,1993966,,7905260,5153107,,
2021-09-20,266,2815.00462725701,17200.46484828,202,165,0.666655032896769,3.14346551895142,0.267144829034805,22569,1480618,,4737406,5767151,,
2021-09-21,257,2480.58254699729,10088.1007133722,108,107,0.67125869550235,2.35765099525452,0.256459027528763,15143,4322100,,9496734,,,
2021-09-22,205,2326.03492517731,8147.21586322784,125,120,0.551681319899735,2.20397591590881,0.256459027528763,11761,3889502,,7448909,,,
2021-09-23,170,2130.07443773274,9319.22558873892,46,45,0.536442081103758,2.20819854736328,0.253167867660522,13689,,,8217360,90398,,
2021-09-24,194,2343.23583120061,7931.5430285756,134,123,0.71115539592958,2.18590927124023,0.253261476755142,11654,4239474,,6804918,230527,,
2021-09-25,191,2244.88573292462,10697.4999358829,139,131,0.812760447250721,2.23595237731934,0.246665835380554,15585,2159652,,7958283,,,
2021-09-26,218,2383.31717038849,13556.8396501541,140,123,0.816485767263166,3.11298394203186,0.256459027528763,19155,1366662,,11075037,,,
2021-09-27,160,2163.84049941822,8041.43409260094,94,89,0.599876063486624,2.14899563789368,0.261449545621872,11892,2095099,,6718359,,,
2021-09-28,215,2376.76792574406,9198.6192852658,153,137,0.930800473414679,2.41357254981995,0.256459027528763,13116,4188502,,7946687,,,
2021-09-29,168,2157.48062764242,11021.7385764122,92,84,0.606795235656845,2.11527156829834,0.254369288682938,15826,,,8867555,,,
2021-09-30,195,2276.64159342499,8368.20185232162,150,132,0.439882449429156,2.59748935699463,0.256459027528763,11813,4212568,,5997101,134160,,
2021-10-01,126,2036.60812034633,1689.48521620885,81,81,0.614283505448458,1.30769348144531,0.254020482301712,3039,5024983,,1534829,,,
2021-10-02,167,2248.76906602662,7276.62745898112,85,85,0.683154278717702,1.88803851604462,0.24505127966404,11298,2491700,,7550927,60267,,
2021-10-03,190,2269.61110104531,8329.73518753052,128,127,0.455547504861564,1.77756714820862,0.256459027528763,12508,3490325,,6959048,,,
2021-10-04,101,2008.53283681936,1501.23642492294,72,72,0.456372865619009,1.28927636146545,0.256459027528763,2790,4378081,,1770108,,,
2021-10-05,109,1873.66595028275,6460.85048174858,45,37,0.577951168362883,2.86922097206116,0.256459027528763,9513,,,4256760,,,
2021-10-06,210,2398.18008751741,10928.9013376236,150,134,0.631178945692055,2.95590758323669,0.263263374567032,15462,3459555,,8977316,42961,,
2021-10-07,129,2107.44002816411,6989.17217350006,95,85,0.469877154591296,2.38435482978821,0.256459027528763,10110,1965979,,5954026,,,
2021-10-08,111,1958.82222532297,5938.74678611755,37,31,0.591592053560498,2.4101927280426,0.287940561771393,8729,,,5640906,,,
2021-10-09,195,2155.45988119089,12038.2467800452,94,93,0.499963052502754,2.49464750289917,0.256459027528763,17254,,,8834736,,,
2021-10-10,206,2240.2634703121,12194.7630120443,80,76,0.502034540598725,2.22670888900757,0.256459027528763,17870,,,10209880,,,
2021-10-11,181,2197.86239742317,10105.4192726612,57,56,0.587064523675631,1.88083982467651,0.258412808179855,14986,,,9523417,,,
2021-10-12,194,2267.60037940421,6937.6448392868,115,114,0.615299905110845,1.91612088680267,0.241102412343025,10566,4201906,,6166018,,,
2021-10-13,160,2233.78345400635,4476.63522624969,102,101,0.637894659506584,1.86717188358307,0.267144829034805,6940,5014791,,4748148,,,
2021-10-14,185,2274.38664340293,5997.64456367493,114,108,0.535900246493261,2.64190697669983,0.25078147649765,8938,4897803,,5484725,,,
2021-10-15,184,2322.85722677185,6580.92424106598,112,112,0.481338970976471,2.15371608734131,0.255183130502701,9954,4560593,,6422434,110982,,
2021-10-16,308,2774.5935248055,8480.67548632622,249,244,0.535309436928037,1.91186940670013,0.265668898820877,12216,10933878,,7206735,,,
2021-10-17,416,3068.45380483323,24938.7413795109,157,149,0.749312493832457,2.35039258003235,0.255800515413284,36471,,,23245233,184117,,
2021-10-18,205,2333.22220348187,9042.2170815503,113,110,0.419823334275164,1.99663937091827,0.249318674206734,13348,3674284,,7793877,,,
2021-10-19,215,2387.73141283285,9159.76584224394,151,140,0.671327558469331,2.35369896888733,0.256459027528763,13299,4874467,,7398443,,,
2021-10-20,268,2575.83015219252,14149.7117743492,208,191,0.606236564501056,2.48437547683716,0.251869440078735,19762,4342317,,11021501,,,
2021-10-21,253,2523.24978282033,8839.00306901674,157,148,0.479559544376555,2.37034344673157,0.256459027528763,13204,6037963,,8355562,,,
2021-10-22,174,2198.11867365157,4828.82786419649,80,80,0.620028413160306,1.47411978244782,0.25077211856842,7741,4189826,,5050434,,,
2021-10-23,370,3056.44290534545,9997.57124876976,290,284,0.577921203028236,2.27415037155151,0.267144829034805,14626,12782019,,9757991,,,
2021-10-24,106,1978.61661520721,8785.45190095901,92,75,0.616806352714776,2.45768666267395,0.256459027528763,12332,,,5846378,,,
2021-10-25,159,2188.68898094148,10775.1342902184,87,81,0.641145687689053,2.47967147827148,0.258735924959183,15367,,,9374426,,,
2021-10-26,246,2995.1702494691,18273.4547242564,205,156,0.767208482148515,3.43462777137756,0.256459027528763,22818,2015831,,8984289,3780798,,
2021-10-27,270,2596.52907585691,13149.7224300462,190,165,0.528532058219244,2.38750123977661,0.251443803310394,18560,4490967,,11132110,,,
2021-10-28,231,2456.94734001106,9782.9205288887,149,141,0.67253305386026,2.49282264709473,0.254524648189545,14067,4572340,,8835638,,,
2021-10-29,184,2214.6329252265,10203.4932447672,66,60,0.71615815751094,3.61226415634155,0.256459027528763,14754,,,8888986,398992,,
2021-10-30,123,1979.20075938281,5727.37002277374,45,45,0.584498177432589,1.68673944473267,0.277830600738525,8542,896990,,5013517,,,
2021-10-31,241,2554.69987203879,16873.7638568878,155,155,0.503935703735065,1.71039748191834,0.253237098455429,24118,,,14228447,,,
2021-11-01,70,834.560738173805,5036.8579492569,48,46,0.475549022280015,1.85845625400543,0.256459027528763,7162,,,3949802,,,
2021-11-02,,1611.49988747885,,,,,,,,,,,,,
2021-11-03,14,1661.15707314673,659.053046990908,3,3,0.408036236266665,1.67237067222595,0.267144829034805,984,,,806508,,,
2021-11-04,236,2474.57807248767,9366.114722918,125,118,0.509149574883231,2.22603511810303,0.256459027528763,14136,4330971,,9389734,,,
2021-11-05,184,2231.91989448387,5785.37724328041,105,104,0.792498985861801,2.31352066993713,0.256459027528763,9028,4526596,,4954650,124801,,
2021-11-06,324,2875.26462980931,5345.09849691391,268,268,0.46935798145239,1.63517272472382,0.266478657722473,8276,14252252,,5295856,,,
2021-11-07,229,2433.47955815726,12946.5393549921,196,163,0.547350851357848,2.39179420471191,0.267144829034805,17966,3682169,,9133003,,,
2021-11-08,147,2096.13077226197,5623.13201980568,92,86,0.617929789350844,1.93111419677734,0.256459027528763,8430,3151027,,4504017,,,
2021-11-09,216,2400.54085999468,7509.88563203812,121,115,0.727149898397048,2.39714288711548,0.256459027528763,11475,4914463,,7561060,,,
2021-11-10,249,2427.28973864897,10296.4578180313,132,123,0.475484466342052,2.35930371284485,0.256459027528763,14901,4342049,,8605059,,,
2021-11-11,259,2442.15959054156,11221.780488575,164,139,0.678650371279346,2.32455706596375,0.255947172641754,16037,4377783,,8665975,,,
2021-11-12,184,2244.00661166916,6285.34786359022,114,111,0.719481295086529,1.93694996833801,0.256459027528763,9506,4322160,,5514994,60946,,
2021-11-13,247,2479.41171916674,11994.9724113941,129,121,0.613144859849615,2.34726548194885,0.256459027528763,17224,3486384,,10370744,,,
2021-11-14,106,2010.84958740457,5848.3864402771,71,71,0.436463455259971,1.5074816942215,0.267144829034805,8858,1496744,,4886663,,,
2021-11-15,169,2226.57976880975,7226.88850839351,63,63,0.455454755970717,2.49302697181702,0.267144829034805,10867,2189807,,7649859,,,
2021-11-16,225,2438.85490591055,10091.0851957997,161,147,0.6314756518114,2.1831226348877,0.256117582321167,14540,4428784,,8705013,,,
2021-11-17,199,2317.02730563787,6669.69974413104,137,137,0.504680646383486,1.63727378845215,0.253803879022598,9852,5261553,,5836471,,,
2021-11-18,182,2273.16998693942,12064.339867186,108,105,0.542441221839314,2.39695453643799,0.256459027528763,17304,,,10745911,,,
2021-11-19,134,2059.94945101838,7690.28134094475,56,52,0.527941953668229,2.29191184043884,0.256459027528763,11447,,,7279746,,,
2021-11-20,204,2343.77938213288,13500.6866827613,112,101,1.16762332087457,2.59634804725647,0.256459027528763,19431,,,11893330,,,
2021-11-21,109,1926.8405169951,5572.32023005077,30,20,0.637940274385579,2.56878304481506,0.256459027528763,8553,,,4990733,,,
2021-11-22,205,2355.74719736062,13863.3237880032,117,105,0.71489227732602,2.42914938926697,0.256459027528763,19556,,,12077896,,,
2021-11-23,103,1960.44013550328,3088.89602160454,40,39,0.566728838952251,2.77195811271667,0.250350266695023,4984,2110785,,3064927,152893,,
2021-11-24,168,2178.27986501243,6647.288428785,101,95,0.532083637159135,2.28141212463379,0.256459027528763,9846,3297339,,5681912,,,
2021-11-25,183,2234.94051030802,6663.39190053782,135,126,0.397168955285813,2.29039072990417,0.255924016237259,10143,5198751,,4570312,,,
2021-11-26,132,2078.87521991332,8610.94946432114,62,54,0.80250774301401,2.06304335594177,0.256459027528763,12834,,,7586337,,,
2021-11-27,151,2137.43769399486,8804.87126076221,42,40,0.515523528747316,2.08299326896667,0.248892530798912,13177,,,8542028,,,
2021-11-28,297,3192.00288980152,24173.3169748783,206,130,0.663214032880311,3.34708714485168,0.256459027528763,29302,,,11472228,3982851,,
2021-11-29,88,1868.79276312489,4398.19657039642,23,20,0.542332480781762,1.96366357803345,0.256459027528763,7066,,,3970289,91922,,
2021-11-30,132,2012.70832099783,7157.51518160882,53,49,0.728792034704705,2.02786564826965,0.256459027528763,10693,,,6514491,,,
2021-12-01,199,2262.63667095348,9587.21122448859,43,41,0.617752195885161,1.8011999130249,0.267144829034805,14681,,,10575456,,,
2021-12-02,183,2281.14382815455,11499.2019114558,90,80,0.725200197624804,3.60327434539795,0.253042966127396,16614,,,10558877,91735,,
2021-12-03,152,2133.69985382344,11172.6282834347,113,82,0.680693060386512,2.43872547149658,0.256459027528763,15579,,,8070798,61508,,
2021-12-04,245,2692.3518008566,18200.0844474385,151,118,0.716668901905486,3.41487669944763,0.256459027528763,23709,,,10741030,1767872,,
2021-12-05,139,2058.70871261246,9134.92839855455,82,81,0.553097164664345,1.89559042453766,0.273127406835556,13092,,,7263352,,,
2021-12-06,191,2700.94378634925,16575.6958532333,147,102,0.651131381944649,3.48597121238708,0.256459027528763,20099,,,8577377,2408062,,
2021-12-07,171,2564.14244811117,14355.6137905586,108,71,0.585798862271736,3.42567205429077,0.249944776296616,17240,,,6675059,2158507,,
2021-12-08,185,2735.79852752898,16350.4120859634,138,94,0.629539981400646,3.46607637405395,0.277830600738525,19390,,,7905853,2769090,,
2021-12-09,135,2031.89899676951,7818.23214829306,45,43,0.631127227130894,2.27682948112488,0.256459027528763,11692,,,6827920,,,
2021-12-10,255,2471.55351652766,14937.7794245448,114,112,0.706738072545983,2.02481818199158,0.24998876452446,21806,,,13712922,111746,,
2021-12-11,109,1976.57419758219,7368.36167156696,64,64,0.469785471330404,1.48529851436615,0.264064073562622,11067,,,5929363,,,
2021-12-12,186,2238.03489391169,10380.507121563,73,73,0.557569065889232,1.57664799690247,0.256459027528763,15223,,,10175882,,,
2021-12-13,48,1775.72230705182,2622.25117516518,19,17,0.678155661233722,2.04542899131775,0.267144829034805,3958,,,2092335,244922,,
2021-12-14,171,2201.2104117691,8825.72148494515,44,44,0.64555696964393,1.54180407524109,0.267144829034805,13339,,,9577798,,,
2021-12-15,177,2221.11802697662,9888.70985717979,60,60,0.604586986156114,1.55884957313538,0.26169291138649,14658,,,9901125,,,
2021-12-16,220,2394.26961851627,14400.093467474,121,121,0.64715063379879,1.51877808570862,0.268176287412643,21027,,,12713369,,,
2021-12-17,149,2157.39941890112,9345.62464016676,68,68,0.633964615951352,1.51941776275635,0.255437314510345,13831,,,8866237,,,
2021-12-18,112,1953.47415005739,6505.21336770058,37,37,0.440809555907095,1.54158806800842,0.267144829034805,10156,,,5554183,,,
2021-12-19,54,1775.35853091748,2284.12224531174,1,1,0.620561849317181,1.96851444244385,0.251372456550598,3923,,,2454591,90427,,
2021-12-20,198,2775.34685525281,18399.1396329403,157,114,0.624185096132513,3.78634858131409,0.254261404275894,22041,,,7489924,2900485,,
2021-12-21,200,2285.93765049997,12974.6546387672,111,110,0.675335666252968,1.82173073291779,0.247720167040825,18849,,,10953220,,,
2021-12-22,239,2505.36478232835,10263.9407612935,177,176,0.605615093322373,2.19181966781616,0.256459027528763,14836,5402203,,8265563,211261,,
2021-12-23,220,2392.77745924488,11170.8811829857,130,128,0.491155072471319,2.50593709945679,0.250569760799408,16655,2855539,,9415593,92959,,
2021-12-24,230,2427.98925081672,9494.80539365345,127,127,0.417612003383689,1.53004229068756,0.261671990156174,14141,4444865,,8511356,,,
2021-12-25,274,2640.41046783811,8649.91181969643,183,183,0.497968206639811,1.46868228912354,0.267144829034805,12951,7901573,,8267643,,,
2021-12-26,278,2597.81338674977,14884.4973783493,51,51,0.663269804771323,1.75911593437195,0.252517491579056,22698,,,16016334,,,
2021-12-27,185,2225.32476109102,10657.1482276917,61,61,0.602774270813039,1.60346364974976,0.244712859392166,16165,,,9969448,,,
2021-12-28,156,2071.58638400059,9446.34744596481,53,53,0.490266463825528,1.59833717346191,0.256459027528763,14092,,,8878554,,,
2023-04-04,,1611.5,,,,,,,,,,,,,
2023-04-05,56,1842.89424762422,983.23601046355,37,37,0.449327697812331,1.59011490375496,0.288516397588336,1604,2074989,,691428,,,
2023-04-06,229,2980.71799483576,14562.4299341454,158,128,0.812416301970394,3.41250513515133,0.243529801524839,17947,2592811,,8169884,1826320,,
2023-04-07,170,2929.83479474427,16544.8290061077,149,102,0.647018817903192,3.52512095560122,0.256459020078521,19129,,,6102176,3081945,,
2023-04-08,295,4370.77013699672,35423.3995889573,373,226,0.794747572227685,3.57227239811483,0.251109996958909,34615,2627961,,4205301,8864402,,
2023-04-09,31,1822.91321413866,1491.42429869722,6,4,0.440173914266767,1.89205807470916,0.267144812581793,2404,,,1733757,,,
2023-04-10,109,2121.2706617324,6248.67591768474,43,37,0.57630251094198,2.05943152651247,0.266036331824073,9266,,,5994245,,,
2023-04-11,210,3415.36378796339,21894.5242615401,193,120,0.682595274862739,3.51253255017356,0.247972832772037,23622,,,6046869,4902358,,
2023-04-12,151,2794.37252035737,14888.8213780633,139,103,0.570418992016134,3.63204352401005,0.26686682861622,17272,,,6391982,2214917,,
2023-04-13,141,2431.6029246434,8756.85107810326,73,73,0.561363350688456,1.5573155912834,0.255181557785674,12637,,,10425685,,,
2023-04-14,200,3216.55246165154,16488.0752055229,142,107,0.534691975270961,3.44548203894777,0.256459020078521,20827,,,13079756,2612621,,
2023-04-15,280,4959.28473385911,36389.9488392715,357,214,0.863348484803361,3.60971161155521,0.256459020078521,36768,,,9833879,10306397,,
2023-04-16,72,2199.11598488001,4548.55036815074,37,37,0.524862116373503,1.40261928288203,0.255724972035666,6977,,,7105863,,,
2023-04-17,155,2542.57275422801,9376.63699434499,80,80,0.775036433517186,1.4150802473313,0.263901071112841,14029,,,12010362,,,
2023-04-18,165,3575.79177866251,19438.9222243237,178,105,0.691822742552988,3.55797955715697,0.256459020078521,20413,,,9450284,4444367,,
2023-04-19,137,2692.86800411111,8294.48170669165,66,66,0.473068683417727,1.55642390948836,0.256459020078521,12240,,,14156546,,,
2023-04-20,200,3324.23866877835,18409.056804712,174,128,0.81791835492942,3.45938828225776,0.288516397588336,21640,,,11977712,2951697,,
2023-04-21,138,2723.10000999099,7998.05980166142,54,54,0.642184380371481,1.64957606510064,0.25330045421522,12016,,,14588259,,,
2023-04-22,350,4918.68081622848,36942.8580745671,343,223,0.825000510853743,3.58948722995902,0.265431168099313,40371,,,14615638,9491764,,
2023-04-23,197,2534.44290268241,13263.4466141558,113,113,0.687347342784008,1.43206187060613,0.277830605085064,19350,,,11894267,,,
2023-04-24,142,2609.35954418051,9289.88136633648,89,89,0.539076888249492,1.79795048658743,0.264601980703203,13368,,,12964063,,,
2023-04-25,192,3285.89518156233,15517.5389045285,137,97,0.570577555966616,3.59725473842429,0.263937509137203,19106,,,13507677,2626571,,
2023-04-26,213,3799.56862389725,24669.6282335431,240,162,0.689405323226085,3.65877325943725,0.256459020078521,26493,,,9856687,4993897,,
2023-04-27,102,2457.01729635708,5316.01992705858,32,32,0.575678077281423,1.42101702085182,0.256794521462484,8128,,,10788646,,,
2023-04-28,213,3548.81316709917,19833.4150660021,187,142,0.831813817850209,3.69610088680007,0.256459020078521,23668,,,15141398,2750175,,
2023-04-29,365,5770.47503312081,46483.53750085,438,271,0.820702358773015,3.73369391929979,0.250350468643617,46873,,,13876960,11598900,,
2023-04-30,122,2494.58951897937,7015.54543595685,51,51,0.521961009858957,1.42607872303587,0.25222070039239,10712,,,10717187,270515,,
2023-05-01,131,2572.1288692628,8214.3869851656,68,68,0.512852038006446,1.57692545710673,0.254739306158159,12255,,,12431048,,,
2023-05-02,191,3379.36680230728,17629.1532746188,165,123,0.63580810947151,3.6699431656048,0.256459020078521,20750,,,12611373,3076204,,
2023-05-03,192,3534.43078897742,21685.8618057564,211,129,0.676989575386476,3.58925558777069,0.256459020078521,23665,,,10903758,3771947,,
2023-05-04,86,2256.57797204149,5504.1432606155,38,38,0.630306501685773,1.5630619544861,0.256459020078521,8420,,,7926413,,,
2023-05-05,198,3398.5109773909,18190.2748821523,169,125,0.516477069236606,3.53230850187454,0.246889028497543,21533,,,13308484,2833430,,
2023-05-06,276,4726.84128264268,34286.8184351357,332,209,0.844778284918717,3.59957956386854,0.277830605085064,35094,,,10747417,8921259,,
2023-05-07,131,2514.52604771337,9255.81069603301,91,91,0.423653424629927,1.50735632686267,0.256459020078521,13326,,,11609859,,,
2023-05-08,121,2641.33412548669,7541.62252317688,58,58,0.480425365937219,1.46118875159565,0.248698880750478,11301,,,13420655,,,
2023-05-09,231,3453.95695092696,20482.6395561129,200,158,0.74676947331112,3.80019737614803,0.267144812581793,24814,,,13827133,2945023,,
2023-05-10,207,4006.22454154673,24828.5658478219,233,141,0.784439722725342,3.56390160358987,0.270098037481659,25700,,,9469232,6073648,,
2023-05-11,188,2875.26882652055,15999.4062123558,167,119,0.587597840268295,3.46467114130591,0.256459020078521,20356,,,13455288,896849,,
2023-05-12,147,2438.67920853666,8354.01422471948,49,49,0.462253725701404,1.58687672026846,0.256459020078521,12476,,,10526781,,,
2023-05-13,396,6103.9903935375,51675.7578145402,497,306,0.980943871405068,4.47945068674732,0.26155629394102,51890,,,13844794,12869308,,
2023-05-14,130,2501.1633073172,8781.76143761373,71,71,0.583896293677815,1.45031756373777,0.254306077971732,12981,,,11419041,,,
2023-05-15,109,2607.9684342173,6516.11982644736,43,43,0.428306237890533,1.56433272471041,0.251587773668795,9880,,,12944200,,,
2023-05-16,180,2704.39358329999,11368.4790653662,81,81,0.66142736426044,2.59371042970408,0.251968933680337,16724,,,14121798,85752,,
2023-05-17,287,3765.80607329668,24998.9115745012,228,177,0.776920115986688,3.49510462508006,0.256459020078521,30807,,,17040027,3323158,,
2023-05-18,111,2399.48709709126,4870.90342581674,22,22,0.443472580906939,1.83364391383365,0.267144812581793,7688,,,9967124,,,
2023-05-19,268,4397.54040501291,30869.1191184786,308,198,0.74648864128655,3.53088942876578,0.256459020078521,32773,,,11233779,7111230,,
2023-05-20,213,4206.86623425264,27340.539810568,260,153,0.666379460333026,3.57133760152945,0.256459020078521,27517,,,7859360,7912082,,
2023-05-21,145,2847.83496669719,9353.02772860362,90,90,0.402213225840576,1.42480161405034,0.249941585193232,14077,,,16217505,67605,,
2023-05-22,163,3038.83194827032,15480.5703340878,143,105,0.670446313287732,3.65957121612057,0.256459020078521,18327,,,9783089,2630694,,
2023-05-23,221,3832.55058312188,23889.6435085209,228,156,0.642163330920348,3.59538991641861,0.256459020078521,26295,,,11853746,4873017,,
2023-05-24,145,2823.47320941941,12949.464748588,112,81,0.731835546006056,3.57965239457065,0.267144812581793,15803,,,8614581,2014069,,
2023-05-25,227,3987.12422564782,22320.8844740195,203,148,0.652684524785547,3.60877510549103,0.256459020078521,26063,,,16692997,4381762,,
2023-05-26,149,2552.11146229519,6981.16683376247,23,23,0.469961178853175,1.46052979753036,0.256459020078521,10975,,,11829331,141154,,
2023-05-27,225,3196.4000380405,11927.1552982896,66,62,0.58091667715488,3.15858624814047,0.256459020078521,17511,,,20794167,203192,,
2023-05-28,176,2835.36544526529,8321.57043778022,35,35,0.541378005556093,1.43866215030877,0.251026180923026,13218,,,16191385,,,
2023-05-29,66,2222.65649551922,3050.09009145351,7,7,0.484808206107394,1.36457206281419,0.256459020078521,5014,,,7442018,,,
2023-05-30,145,2529.84332162337,9288.02182359738,82,82,0.497837193608618,1.57373745343493,0.25947049901805,13706,,,11828585,,,
2023-05-31,228,3407.51378830728,19265.5468518224,168,132,0.596558023824753,3.56341402585762,0.256459020078521,23951,,,15264578,2377167,,
2023-06-01,148,2957.04130086254,12247.7830662909,109,82,0.517074917453741,3.52646849015688,0.260559701369958,14902,,,10978472,1954083,,
2023-06-02,172,3117.80943735906,11569.8841693095,88,74,0.580208721475207,3.48117647426073,0.263180762972202,16213,,,17295550,811692,,
2023-06-03,112,2679.66888676607,6959.63238190962,53,53,0.392781052731834,1.51145890801698,0.24809340480998,10534,,,13508616,204428,,
2023-06-04,358,7113.84243067288,58508.1720592071,550,290,1.07326451919376,3.74714794975048,0.249999531943591,54306,,,11885099,15581873,,
2023-06-05,14,2208.36748997272,835.002772305484,,,0.635712933137903,1.40134314516446,0.267144812581793,1846,,,7237972,,,
2023-06-06,153,2806.49006428399,10247.915050858,86,86,0.838477581033106,1.69732212788266,0.256459020078521,15146,,,15518368,115988,,
2023-06-07,196,2859.86529247511,11989.641120816,89,89,0.606282055319259,1.3680575817595,0.256459020078521,17767,,,16541239,,,
2023-06-08,136,2701.09083490953,8371.21106328402,70,70,0.589831094443471,1.44661747995764,0.256459020078521,12596,,,14273969,,,
2023-06-09,182,3248.72456070256,11623.0867248642,101,101,0.564238821666964,1.43631678147995,0.267144812581793,17359,,,22094075,,,
2023-06-10,125,2474.91113101433,8091.21015541352,69,69,0.453364903400087,1.41165309125427,0.256459001726973,12017,,,11044166,,,
2023-06-11,221,3005.5113379791,13771.8392016531,119,119,0.44756620626099,1.4625782315,0.256459020078521,20255,,,18621036,,,
2023-06-12,167,2830.58954152967,8714.74458164432,87,87,0.645734451882433,1.41346854796229,0.256459020078521,13226,1351997,,14680021,,,
2023-06-13,215,3221.950533926,14749.9115194569,160,132,0.707390730730951,3.55231573141232,0.256459020078521,18590,2102332,,12524543,1808852,,
2023-06-14,163,2586.81035893557,9784.91320690871,76,76,0.762355261053846,1.37217013736225,0.288516397588336,14692,,,12642066,,,
2023-06-15,97,2587.16929474082,5868.17645281404,37,37,0.427698918325184,1.40775392030789,0.256459020078521,9003,,,12647191,,,
2023-06-16,142,2726.56593522458,6174.64582585598,96,96,0.571491418986827,1.64470772229977,0.267144812581793,9461,2743107,,11709667,,,
2023-06-17,149,3455.04349657262,6773.76060608711,60,60,0.459859884669124,1.56645610712697,0.245569938455235,10802,1788871,,22978264,67857,,
2023-06-18,187,3575.61177948048,10257.0730699756,65,65,0.449202960008916,1.49428432735843,0.243216321231763,16328,,,26761962,,,
2023-06-19,177,3056.80711186833,10547.6621066932,67,67,0.472831698885558,1.91359820192957,0.256459020078521,15875,,,19049100,135453,,
2023-06-20,285,3122.84870115887,17328.2750764594,129,129,0.705151603627189,1.43886273452832,0.267144812581793,25666,,,20296592,,,
2023-06-21,69,2472.01777879248,3433.34528816613,13,13,0.538640689304265,1.72274553060151,0.256459020078521,5645,,,11002849,,,
2023-06-22,119,2791.25795198398,7547.9996732522,57,57,0.581870811690743,1.44564439281908,0.256459020078521,11741,,,15561539,,,
2023-06-23,277,3289.23130691064,16657.9499110204,103,103,0.65500913088906,1.51619418274024,0.256459020078521,24874,,,22672504,,,
2023-06-24,250,2928.85915736139,12993.4842352116,42,42,0.665633320187163,1.42726805110584,0.249694542189784,19805,,,17526459,,,
2023-06-25,177,2526.32971710679,9499.85179864248,41,41,0.680925710271759,1.39626752534046,0.262902347423513,14463,,,11778414,,,
2023-06-26,171,2743.87835246127,11054.6041728875,96,96,0.682906752834614,1.62300514868146,0.256459020078521,16003,,,14884969,,,
2023-06-27,111,2450.68108849244,5616.06698235455,32,32,0.61886184273021,1.56989545913896,0.256459020078521,8770,,,10698167,,,
2023-06-28,169,2560.69894185514,8886.32600052589,40,40,0.507660362039002,1.57711059980327,0.277830605085064,13427,,,12269199,,,
2023-06-29,173,2900.54966889025,10029.7086223725,60,60,0.572742401873701,1.43689323243094,0.256459020078521,15331,,,17122206,,,
2023-06-30,248,3590.90253605393,21308.8785269715,188,146,0.799179551145348,3.48799181872829,0.250277100694057,26242,,,16274974,2953728,,
2023-07-01,202,3092.11323807057,16477.8300352423,152,123,0.584133165684965,3.37666512170613,0.256459020078521,21071,,,12901110,1963936,,
2023-07-02,365,4435.25293288794,32251.2008070488,299,230,0.697656001811316,3.5213648803682,0.267144812581793,38846,,,21782493,4664281,,
2023-07-03,269,4175.29216606488,26851.5594260301,261,191,0.927964995613262,3.43468188751658,0.267144812581793,31105,,,17835187,4726970,,
2023-07-04,212,3728.52530961438,23182.222593121,222,149,0.789442437218617,3.609945505352,0.255030847333454,25855,,,11119531,4778875,,
2023-07-05,274,3205.36224458698,17657.7149640414,148,148,0.710131656515324,1.48292435147403,0.256459020078521,25721,,,21474871,,,
2023-07-06,303,3398.9972585615,17791.9865988173,108,108,0.664803119661637,1.66079728052272,0.256459020078521,26498,,,24239941,,,
2023-07-07,109,2691.6544327146,5297.31387335073,16,16,0.673035949119267,1.61655345235274,0.277830605085064,8311,,,14139219,,,
2023-07-08,26,1909.35055654558,1384.12819952523,6,6,0.827383681119737,1.49032484644556,0.277830605085064,2349,,,2968067,,,
2023-07-09,151,2880.68880723819,5792.82847602129,93,93,0.729936596272218,1.40598134107538,0.256459020078521,8900,3184951,,13438873,,,
2023-07-10,172,2909.18094242366,9830.27542065681,66,66,0.767896447070671,1.41102429729435,0.247411150369295,14745,,,17245458,,,
2023-07-11,171,2766.49537783976,11270.0011890296,103,103,0.701389811636351,1.44802932930313,0.262848587485729,16394,,,15207934,,,
2023-07-12,137,3053.9515892039,14450.8119818926,140,97,0.66856749184491,3.35994454386161,0.281940139589218,16483,,,8746654,2743180,,
2023-07-13,186,2477.72590665276,11719.853480007,97,97,0.592445376123783,1.57141685458899,0.256459020078521,17411,,,11084361,,,
2023-07-14,110,2558.71955102874,6236.94528215849,38,38,0.469886557263588,1.42380504649573,0.277830605085064,9671,,,12240934,,,
2023-07-15,114,3012.83606672559,10662.5206466991,86,58,0.481780705942746,3.49409071565536,0.256459020078521,13124,,,11889715,1884444,,
2023-07-16,217,3325.45213717234,18157.3907471751,164,136,0.54927951180504,3.35001042876115,0.253513632640918,23465,,,16223995,1759244,,
2023-07-17,208,3096.63148931795,16026.4402235682,164,140,0.60019322917965,3.42057443136109,0.256459020078521,21166,,,14603250,1430985,,
2023-07-18,183,2897.60043498679,11457.5577171144,105,105,0.541930085728543,1.40059061697387,0.277830605085064,16908,,,17080090,,,
2023-07-19,170,2762.86239810421,10274.1137131359,59,57,0.595273631052826,2.86323956194913,0.267144812581793,15349,,,14957613,67563,,
2023-07-20,100,2372.23621700199,5992.52526517024,54,54,0.56480337254649,1.42513787837254,0.256459020078521,9040,,,9577987,,,
2023-07-21,185,3089.50119626513,13138.8881349547,103,84,0.576557634183401,3.42269366997696,0.256459020078521,17672,,,15180515,1256332,,
2023-07-22,107,2185.83647403482,6092.86151492927,33,33,0.659925656835658,1.7017539073868,0.256459020078521,9434,,,6916234,,,
2023-07-23,87,2459.54232246312,3403.13482566626,2,2,0.71100076160078,1.38682219393834,0.267144812581793,5952,,,10824702,,,
2023-07-24,144,2556.66486247331,7606.73842250984,31,31,0.557466444702384,1.39462962508633,0.248053606621197,11675,,,12211595,,,
2023-07-25,136,2762.34056247453,7424.48555469692,53,53,0.536763430747842,1.5778417373439,0.256459020078521,11219,,,15148604,,,
2023-07-26,115,2354.19463104056,7135.31287463882,56,56,0.477019760633034,1.39613477145144,0.256459020078521,10736,,,9320357,,,
2023-07-27,131,2477.8663674691,7817.88234950789,60,60,0.517422526759329,1.48810619277639,0.267144812581793,11526,,,11086365,,,
2023-07-28,117,2700.73173249151,6644.09595516493,48,48,0.497090404657196,1.48274882527575,0.254173842184461,10210,,,14268843,,,
2023-07-29,107,2296.63900436804,6486.98547356943,55,55,0.515893438271085,1.3797314172978,0.256459020078521,9718,,,8498475,,,
2023-07-30,71,2212.62023412621,3744.97079243543,16,16,0.598661378953955,2.15652286858558,0.267144812581793,5969,,,7298435,,,
2023-07-31,236,3126.33753269814,14417.8908834288,125,125,0.522085118746662,1.57189675092164,0.243409088667086,21263,,,20345904,,,
2023-08-01,237,3223.27780220916,10197.6166942465,46,46,0.461221881417996,1.65333175735153,0.255569768567257,16363,885021,,20633258,67961,,
2023-08-02,240,3249.68782102296,11388.8924931651,126,126,0.528839414706654,1.36211704433857,0.256459020078521,17088,2640742,,19289016,,,
2023-08-03,116,2402.73094471789,6701.20980344934,50,50,0.508727962916595,1.49872594482715,0.247541079067034,10126,,,10013447,,,
2023-08-04,151,3028.38379762807,12016.7288586349,103,77,0.55059859610715,3.36508723810659,0.256459020078521,14916,,,12311729,1880926,,
2023-08-05,192,2898.59239441091,11011.7261386006,69,69,0.643924214746133,1.40713999414069,0.256459020078521,16665,,,17094255,,,
2023-08-06,182,2685.08916074658,10870.0103705678,75,75,0.640144298496192,1.65239458825374,0.320573744045819,15863,,,14045469,,,
2023-08-07,135,3265.70446126469,11931.3752668092,106,67,0.459912329504974,3.48189161564204,0.256459020078521,13867,,,8714432,4733636,,
2023-08-08,233,3157.27734021995,12959.6377942864,78,78,0.505137933947094,1.50170208688995,0.250330171754505,19593,,,20788229,,,
2023-08-09,345,3349.32945564933,22314.475836746,202,202,0.591436280430796,1.49778338974068,0.267144812581793,32135,,,23530693,,,
2023-08-10,228,3582.51488486903,18748.5145062467,146,105,0.546032432202359,3.52383127848747,0.256459020078521,22966,,,15737051,3492788,,
2023-08-11,183,2856.33984889311,9927.55607440561,61,61,0.522914151581019,1.58603509282549,0.267144812581793,14869,,,16490896,,,
2023-08-12,226,3450.0010840549,17678.741696148,143,114,0.554411050342001,3.39321233166299,0.256459020078521,22752,,,17689199,2048505,,
2023-08-13,171,2820.78979521892,9802.50834626064,65,65,0.517727182858637,1.479997136276,0.25468258257805,14644,,,14274462,760305,,
2023-08-14,159,2701.69602091757,8079.8359667437,41,41,0.479749513005238,1.50705774874749,0.248007858477716,12320,,,14282611,,,
2023-08-15,232,3147.63309481558,9075.94242729121,145,145,0.502546348129282,1.40234832295633,0.245271290299593,13700,4622075,,15716758,,,
2023-08-16,188,2758.36189305865,6358.45080419413,131,131,0.416027398061594,1.41009244201464,0.246006212776561,9450,4998710,,9756004,,,
2023-08-17,259,3165.52581639223,12543.6678376973,135,135,0.537141682100846,1.47779119611168,0.251642446438102,18648,2649766,,18077567,,,
2023-08-18,351,4007.5389276996,25295.8119087642,266,209,0.697807500182439,3.50813770000779,0.317724668555354,31393,2642465,,16503969,4270680,,
2023-08-19,114,2436.14869878519,5270.61970336715,18,18,0.479889517687189,1.45640289076407,0.262016846712904,8354,,,10338694,67609,,
2023-08-20,233,3108.76310336777,18075.3144336708,170,150,0.546609502618435,3.41949885269474,0.251619443662281,23945,,,14537451,1756392,,
2023-08-21,125,2517.63816621299,7180.03706575809,53,53,0.519738496100277,1.53480370893837,0.267144812581793,10879,,,11654299,,,
2023-08-22,234,3442.54890590409,12828.0511552709,189,153,0.611182067587106,3.48966225430232,0.267144812581793,14879,5069040,,10340786,2444065,,
2023-08-23,299,3546.92503619691,15358.831954695,205,178,0.606518385076834,3.43120257029616,0.256459020078521,20007,5392825,,13932974,1900959,,
2023-08-24,232,3430.87970863434,19610.6318257248,179,125,0.592592922768209,3.51325035188887,0.299202190091608,23230,,,12273675,3408267,,
2023-08-25,247,3035.21504226054,13226.5100328696,166,166,0.574186648870154,1.51957041907441,0.277830605085064,19212,2813463,,16042019,,,
2023-08-26,113,2384.28096173658,6939.7277198994,61,61,0.698522107423258,1.49706246142656,0.272832284724158,10486,,,9749984,,,
2023-08-27,186,3039.72691461495,13979.9574388885,133,114,0.468587166935159,3.3616663993182,0.256459020078521,18821,,,15014992,1082034,,
2023-08-28,215,2886.6509929153,10954.8340046969,133,133,0.591442034372204,1.64748800960192,0.249959155093027,15948,2600944,,13995384,67639,,
2023-08-29,329,4068.54346391497,28697.3270950571,277,210,0.716805787355863,3.51849084383033,0.320573744045819,34366,,,16903326,4710275,,
2023-08-30,222,3067.46332429025,10489.6105519953,135,135,0.82338593133315,1.75690896153872,0.251293466222275,15382,3071171,,15464801,339324,,
2023-08-31,181,2980.07636550215,11219.2462659919,83,83,0.658540079604574,1.57618920912809,0.261443501854455,16738,,,18257832,,,
2023-09-01,117,2485.91941504409,7235.53197859375,60,60,0.632171183947072,1.51330339875809,0.26664004459033,10587,,,11201363,,,
2023-09-02,135,2434.06587220318,8103.09212624362,48,48,0.694635955743086,2.62445463484082,0.256459020078521,12100,,,10460904,,,
2023-09-03,172,2565.27533337292,11217.9653753774,95,95,0.447442851963562,1.56948678077095,0.249786871001908,16348,,,12334549,,,
2023-09-04,163,2667.78806549278,6203.55071837323,88,88,0.48279743687746,1.451925905853,0.256459020078521,9354,2985326,,10611778,,,
2023-09-05,202,3045.24782065994,7895.67563331309,127,127,0.573764126026623,1.62315878538353,0.247436858655148,11734,4555642,,14325627,,,
2023-09-06,138,2482.80644850862,7953.94151196732,60,60,0.524886424329619,1.56971869170156,0.277830605085064,11700,,,11156910,,,
2023-09-07,180,2731.3783369957,6468.63113356405,95,95,0.521488187613858,1.39111940792445,0.256459020078521,9787,3348272,,11132416,,,
2023-09-08,231,3164.88877897504,8273.63787216206,145,145,0.691420958663927,1.48444757309675,0.246862503574594,12515,5585515,,14934759,,,
2023-09-09,202,2927.9634809198,10001.8174815858,39,39,0.650629232073619,2.08465436035387,0.251580545159344,15568,,,17513667,,,
2023-09-10,63,2205.63884425909,2976.94578242439,4,4,0.460090570854136,1.4270036420885,0.256459020078521,4786,,,7199008,,,
2023-09-11,137,2501.68086796341,7612.69784533216,30,30,0.587105164107908,1.51898072521075,0.256459020078521,11603,,,11426433,,,
2023-09-12,226,2906.22983788226,10211.3881346967,97,96,0.414731679585761,1.86931631406706,0.256459020078521,15323,2235472,,14665314,67536,,
2023-09-13,242,2960.65526024027,8402.10163719643,153,153,0.648465147741843,1.50334206954042,0.267144812581793,12560,6039231,,11534030,,,
2023-09-14,284,3383.50007856487,14834.0675232738,218,190,0.571093353296009,3.43590361357289,0.25509770831524,18988,5233000,,11941792,1965505,,
2023-09-15,247,3406.8345097239,14174.9655317955,191,159,0.632814397246683,3.48804545836453,0.267144812581793,17174,4878957,,11084771,2174387,,
2023-09-16,258,3686.62941744966,14238.9828231034,96,96,0.512642840240959,1.47961289190795,0.256459020078521,21738,,,28347275,,,
2023-09-17,186,2977.22687499081,10953.9845509297,74,74,0.459681529845536,1.63243547893166,0.256459020078521,16304,,,18217140,,,
2023-09-18,168,2754.21170859776,11691.4959797884,108,106,0.524206479362914,2.0464608490803,0.280028879482588,16810,,,15032525,,,
2023-09-19,236,2834.90359899252,13641.7119938054,106,106,0.554712570990628,1.52947621406712,0.256459020078521,20003,,,16184791,,,
2023-09-20,147,2433.87793724099,8288.90578380707,48,48,0.571877474855166,1.51827859305069,0.256459020078521,12403,,,10458219,,,
2023-09-21,197,2718.51605484919,8753.05829039328,130,130,0.472932503526589,1.40529046693208,0.283296194052893,12958,3113247,,11199617,,,
2023-09-22,257,3026.51524516878,12639.3104609334,121,121,0.509135139771473,1.73592483687766,0.26825541575554,18972,2544869,,16204010,,,
2023-09-23,188,2789.90572703005,7331.87093553185,93,93,0.480493466411708,1.41533684499888,0.256459020078521,11301,3095927,,12237536,,,
2023-09-24,151,2569.45034567317,8013.2175785766,63,63,0.442985633239892,1.56732053198077,0.252372275719425,12014,869877,,11465631,,,
2023-09-25,185,2878.12782596406,6234.33586567121,134,134,0.543153674277992,1.42415582716901,0.267144812581793,9235,4942248,,11526510,,,
2023-09-26,321,3960.37102181447,28657.1941557415,281,217,0.676706643835782,3.49873190144093,0.256459020078521,34731,,,16730810,4321282,,
2023-09-27,191,2817.87126346134,5354.96635281902,137,137,0.660346665046457,1.43303825009354,0.263704710111289,7979,5946584,,9307140,127633,,
2023-09-28,266,3829.99769987505,25641.6410989322,244,177,0.657064384080452,3.58026023289541,0.277830605085064,29911,,,14291120,4311236,,
2023-09-29,266,2984.60159198311,13001.4911834275,184,183,0.553508195688339,2.05320025724623,0.277830605085064,18611,4122917,,13921514,,,
2023-09-30,163,2620.42848888348,10059.3273344414,86,86,0.6737515008574,1.58428090284693,0.267144812581793,15009,,,13122128,,,
2023-10-01,152,2830.00738707105,11297.8706874757,156,114,0.603653424721117,3.45691811677766,0.299202190091608,13298,2415540,,7616513,1538163,,
2023-10-02,340,3584.47615108273,16624.122696957,224,224,0.520050776184698,1.50694251593743,0.254906201952302,23813,4733442,,21835915,,,
2023-10-03,295,4026.68216615268,29586.1453857321,298,221,0.683271113818786,3.51992387898307,0.256459020078521,33990,,,14739908,4794931,,
2023-10-04,173,2837.5737101481,11744.2294255665,103,102,0.485083089385374,2.08389195828952,0.256459020078521,17152,,,16222920,,,
2023-10-05,305,3326.74208421521,12453.4224636062,188,188,0.533422677138664,1.4304210534084,0.252635764119187,18280,5695821,,17128247,,,
2023-10-06,182,3372.29074470876,20038.7427529166,199,135,0.698008419369052,3.4521425412131,0.267144812581793,22242,,,8114648,4482558,,
2023-10-07,148,2525.66565298288,9572.69714704784,82,82,0.495765990089181,1.58565063912246,0.277830605085064,13747,,,11768934,,,
2023-10-08,240,2785.6709541522,9433.05391249181,153,153,0.524533774878821,1.52075464382439,0.267144812581793,13856,5221848,,9907788,,,
2023-10-09,264,3113.12642565341,16278.5847655466,145,145,0.600907209992941,1.47110695472106,0.245428066549664,23861,,,20157760,,,
2023-10-10,276,3210.40229967335,17329.7665963806,149,146,0.601728971818466,2.79104094957265,0.249534756875936,25261,,,21546840,,,
2023-10-11,256,2683.22630777802,16259.3914611298,134,134,0.600271072830389,1.70945668218677,0.256459020078521,23379,,,14018867,,,
2023-10-12,330,3361.09929603076,17541.9483539975,181,180,0.578285041107034,2.15492246821701,0.267144812581793,25674,2857535,,20639016,,,
2023-10-13,248,3133.32475325085,11507.3103197704,119,119,0.564145613764443,1.4955825164483,0.256459020078521,17180,2820526,,17435470,,,
2023-10-14,274,3084.35468638219,15163.9008674568,78,78,0.59552313421044,1.48587738816385,0.256459020078521,22734,,,19746902,,,
2023-10-15,247,3260.69118538315,13217.0187814069,72,71,0.603918036433197,1.7730518762365,0.256459020078521,19978,,,22112961,67628,,
2023-10-16,278,2935.6742701736,13904.6049727771,136,136,0.52952134824822,1.526480607971,0.256459020078521,20400,2495025,,14960506,,,
2023-10-17,260,3671.24650391964,23982.544979898,234,165,0.629726515175571,3.47460291454889,0.256459020078521,28006,,,12030076,4629965,,
2023-10-18,167,2667.98983483917,9966.52304615662,83,83,0.482882933002304,1.68994010851925,0.252963044799608,14742,,,13648485,67991,,
2023-10-19,309,3653.30126948264,26388.9745859867,251,193,0.606199495017724,3.39939485591388,0.267144812581793,32416,,,16812230,2776330,,
2023-10-20,169,2600.37910968774,9988.52481898085,76,76,0.473779713056728,1.48188133248969,0.252393126308333,14629,,,12835825,,,
2023-10-21,237,2855.51390294702,12168.6515948923,157,157,0.454542269852966,1.39499267718261,0.267144812581793,17715,2980530,,13297588,,,
2023-10-22,214,3254.39796740516,8687.60066034219,81,81,0.492073858366488,1.38582925774838,0.249278041877367,13585,2303878,,19715856,,,
2023-10-23,367,3116.56856705299,22146.0035722684,167,167,0.73899237191645,1.58192486810172,0.250533878298605,32269,,,19761538,198165,,
2023-10-24,334,4122.26701470355,28938.6273881352,343,253,0.682096179920654,3.4921875393089,0.258392534758834,33141,2712201,,12450378,5064906,,
2023-10-25,196,2735.42300331214,13006.9910139668,117,116,0.581223626087563,1.91582753478355,0.256459020078521,18780,,,14764226,,,
2023-10-26,249,3001.76453717171,11201.038011928,159,159,0.500927703349975,1.52125459888216,0.241031919804031,16532,3966909,,14333126,,,
2023-10-27,310,3063.45947902738,14295.5379285225,177,176,0.591382725227352,3.50215243470283,0.256459020078521,20976,4341043,,14644344,68082,,
2023-10-28,191,2529.72487483572,10362.0666904605,97,96,0.55121114874095,1.7070988105752,0.256777151847461,15316,1403881,,10324986,,,
2023-10-29,182,2772.35246205359,10890.7075417491,89,89,0.489843192760069,1.60472372933248,0.256459020078521,16165,,,14127190,67632,,
2023-10-30,308,3022.71657595989,19689.8419076127,166,166,0.528257349439135,1.72810296367419,0.256232398181471,28492,,,18095767,343029,,
2023-10-31,268,3448.86932586529,27284.2978642194,289,200,0.739575855340634,3.38391734670382,0.264351951404559,31502,,,10874661,3606101,,
2023-11-01,255,2977.64237622303,15907.8214497495,147,147,0.573128952289939,1.52061647443365,0.267144812581793,23067,,,18223073,,,
2023-11-02,316,3824.20203320605,27642.325582871,272,212,0.691979475929749,3.47255978799876,0.245856103299258,33559,,,16665764,3572531,,
2023-11-03,208,2859.43053160542,12036.820184286,84,84,0.655768374834723,1.62675244838338,0.275631843489065,18109,,,16535033,,,
2023-11-04,132,2701.19980853583,10305.3076785962,91,73,0.53835388945442,3.33015740371001,0.256459020078521,13275,,,10105165,1089419,,
2023-11-05,297,3324.80589960392,22090.7414683789,209,192,0.576141696340458,3.44643452400555,0.264203584057298,29810,,,18961923,1143694,,
2023-11-06,273,3172.09520994109,20423.5226705274,193,175,0.697658382102614,3.40368085102253,0.267144812581793,27669,,,17962091,761325,,
2023-11-07,318,4393.02430253007,32952.0612085799,318,219,0.813203323444119,3.62396681333388,0.267144812581793,36583,,,13631036,6448689,,
2023-11-08,217,2761.54450202647,14197.9647610398,132,132,0.567364354758879,1.5086699499772,0.3205737422714,20472,,,15137237,,,
2023-11-09,152,2687.73691355085,9122.91081561438,82,82,0.671980002230913,1.45577952787003,0.256459020078521,13609,,,14083278,,,
2023-11-10,251,3287.54514726253,3435.82557614538,199,199,0.45380383103214,1.41001701789246,0.256459020078521,5457,11228513,,9448667,540191,,
2023-11-11,228,2819.79087427968,7641.11460884961,133,133,0.545481816917272,1.44092106998786,0.277830605085064,11490,5005669,,10625769,,,
2023-11-12,141,2560.62724486366,8536.44623934308,68,67,0.602526396229246,1.70857325061225,0.277830605085064,12398,,,12263291,,,
2023-11-13,280,3454.32513189582,15010.7698719604,169,169,0.713968206365498,1.46184884335323,0.256459020078521,22046,2405297,,22462523,,,
2023-11-14,258,3656.66913693914,25423.9547862883,258,190,0.870071045473065,3.43205192995378,0.277830595799006,29568,,,13629139,3876778,,
2023-11-15,252,2909.50949676806,9793.35955936745,164,164,0.531884843674854,2.56762980586791,0.259162252201711,14478,5426646,,11457573,,,
2023-11-16,217,2776.05650279181,14002.2719544873,113,113,0.577114819603577,1.48908109599313,0.256459020078521,20397,,,15344466,,,
2023-11-17,217,2864.45849017047,6525.85006653703,135,135,0.573497717560719,1.5267702278672,0.264698169663139,9808,5878163,,10332286,,,
2023-11-18,158,2536.21956064821,8851.5293391803,52,51,0.451048374420953,1.75244212014598,0.256459020078521,13305,,,11919641,,,
2023-11-19,283,5078.81779986389,34918.3915599174,298,168,0.846532310829748,4.51769388144906,0.267144812581793,35359,,,14868685,7989164,,
2023-11-20,105,2454.61270834864,5480.91144580362,25,25,0.681491740789055,1.61506283436194,0.243277715291348,8560,,,10754307,,,
2023-11-21,210,2930.58358231298,13452.710291033,113,113,0.55182439585444,1.57392879919132,0.253756952163893,19610,,,17549216,,,
2023-11-22,173,2918.84366951413,7075.86629931528,89,89,0.528499002658319,1.44811875921051,0.250768195437457,10835,3054640,,14122819,,,
2023-11-23,170,2762.74086022037,9564.18529794728,61,61,0.484452874805507,1.56858100262412,0.256459020078521,14363,,,15018301,60107,,
2023-11-24,132,2462.54486365316,9079.35405369631,87,87,0.49328872294841,1.53712166703767,0.277830605085064,13176,,,10867581,,,
2023-11-25,92,2276.58350341613,5411.74971268866,41,41,0.584899908880046,1.51468395243337,0.277830605085064,8007,,,8211930,,,
2023-11-26,196,2857.38375240495,12194.9633849996,95,95,0.810394921240857,1.61215954104674,0.256459020078521,18017,,,16505802,,,
2023-11-27,132,2577.27556586484,6141.95830554249,20,20,0.705489438254654,1.53662791529706,0.256459020078521,9614,,,12505750,,,
2023-11-28,133,2657.74824221274,8169.1429570568,64,64,0.596046178473771,1.55926520129176,0.256459020078521,11970,,,13655048,,,
2023-11-29,234,2780.6211824894,14562.1413498026,121,121,0.591568234455487,1.63187330346341,0.254904047900368,20970,,,15409620,,,
2023-11-30,218,2889.43302349635,10805.7303664785,121,121,0.612141261504773,1.51178576518329,0.247737406534702,15841,2318833,,14488265,,,
2023-12-01,176,2830.06145470147,10522.8003484789,85,85,0.525201910379614,1.47559368935564,0.265869097788757,15390,,,16115648,,,
2023-12-02,159,3059.37701996089,9001.53841776094,53,53,0.562706551051273,1.3992419140615,0.256459020078521,13858,,,19390229,,,
2023-12-03,213,3175.51579958066,12159.5471475594,72,72,0.567819657994076,1.40673521047422,0.256299468063779,18523,,,21048668,,,
2023-12-04,153,2555.44806050212,8588.96822970989,52,52,0.484827158769583,1.45850897543451,0.256459020078521,12897,,,12194220,,,
2023-12-05,139,2517.88411318145,7998.16154351398,52,52,0.656697165438585,1.48790614808402,0.246900691583784,12059,,,11657813,,,
2023-12-06,137,2607.5434776142,5988.04350725312,14,14,0.724617266420975,1.44474495463054,0.260564546034944,9485,,,12938133,,,
2023-12-07,128,2511.3561756003,6579.30539297684,44,44,0.607900900820384,1.50640573500989,0.256459020078521,10171,,,11564595,,,
2023-12-08,143,2784.65068486725,8159.6180229422,54,54,0.445270548346957,1.60470293457012,0.256459020078521,12654,,,15467188,,,
2023-12-09,182,2569.80373857984,9065.54124336952,44,44,0.779193603734893,1.46891044144453,0.247342296868585,13881,,,12399217,,,
2023-12-10,77,2201.47896631724,3742.07815330428,16,16,0.419560202553904,1.62741521962456,0.256459020078521,5913,,,6946431,85951,,
2023-12-11,152,2589.09584845351,10480.4917469298,93,93,0.477122951401682,1.63023537500552,0.255561786673251,15072,,,12674705,,,
2023-12-12,161,2706.66191875751,7725.0407273126,31,31,0.50721833473283,1.6631626220032,0.249741587530836,12166,,,14353524,,,
2023-12-13,305,3330.02780065404,20689.5758278421,188,183,0.88428565707122,3.13663124007178,0.242710709152637,29289,,,22430800,249714,,
2023-12-14,275,3346.54320119322,18064.2574397781,151,150,0.518478747853672,1.69575167569095,0.255730325737361,25980,,,23490909,,,
2023-12-15,164,2600.34114305926,9218.26623527159,51,51,0.79879141257496,1.58632278583205,0.256459020078521,13867,,,12835283,,,
2023-12-16,225,3006.24964015127,14318.2857917635,122,122,0.770868176884113,1.54653032992861,0.288516397588336,20856,,,18631578,,,
2023-12-17,191,2801.51033157699,12502.7930597284,93,90,0.605113226372916,2.22426214002986,0.253234801029758,18149,,,15231749,211876,,
2023-12-18,184,2835.46599446545,12743.0901647072,127,126,0.688882285019044,1.69882641087056,0.267144812581793,18272,,,16192821,,,
2023-12-19,149,3228.73123606167,16738.0338824274,161,108,0.773918102800105,3.43280250989713,0.245677652932266,18727,,,9284558,3309745,,
2023-12-20,220,2946.32771390451,14612.9109048085,106,106,0.736004544510601,1.66106596838804,0.257196394360284,20968,,,17775907,,,
2023-12-21,108,2461.81188713396,6939.11548578795,51,51,0.474219553402193,1.63506942450117,0.267144812581793,10033,,,10850603,,,
2023-12-22,83,2258.13201969225,5892.20727653733,52,52,0.48865061142922,1.72604813682446,0.250085422583633,8594,,,7948601,,,
2023-12-23,184,2820.91333115847,13016.0782896808,119,118,0.652489360176965,1.919043833917,0.256459020078521,18386,,,15985012,,,
2023-12-24,304,4551.65400787907,33342.6276607937,304,224,0.985593111992606,3.8307815224296,0.256459020078521,36716,,,18501275,5035020,,
2023-12-25,159,3435.5865701601,15202.902559963,146,107,0.583013191805374,3.48905902053258,0.247756267548958,18066,,,15216428,2497244,,
2023-12-26,140,2785.20334799898,7613.94150160663,29,29,0.77161510678116,2.13394630974313,0.245096938287982,11983,,,15475081,,,
2023-12-27,171,2896.87539712342,10798.5387290366,83,83,0.643531469379362,1.66798960302807,0.250787216068868,16127,,,17069735,,,
2023-12-28,176,2936.13135191972,10423.6287090126,73,73,0.527693472641577,1.55577770242422,0.245503888967031,15760,,,17629376,,,
2023-12-29,179,2524.60532446383,10994.8875825223,89,89,0.631705888895473,1.64104923157903,0.256459020078521,15996,,,11753792,,,
2023-12-30,153,3195.85361707844,8360.50592589346,47,43,0.559618014498379,3.70250038951861,0.256459020078521,12743,,,20397127,274274,,
2023-12-31,164,3583.27696581043,16053.2486863503,141,96,0.550442314332523,3.52140184870556,0.247982327737006,19152,,,16794183,2508301,,
2024-01-01,133,2895.40827681159,7529.05250653307,38,38,0.599658014466086,1.6946915280105,0.256459020078521,12054,,,16893712,68998,,
2024-01-02,152,2855.57836852311,9979.91190092811,84,84,0.682827598910289,1.55057295406396,0.250991742458584,14560,,,16480024,,,
2024-01-03,143,2888.80594827112,10791.178427448,95,85,0.658095358166388,3.48592113863759,0.267144812581793,14788,,,14639025,696102,,
2024-01-04,153,2698.37327492258,11133.979220098,118,118,0.664480613773279,1.51824355794115,0.25473011699385,15903,,,14100128,60082,,
2024-01-05,109,2319.40984217778,6453.73967905447,39,38,0.580535854206425,1.67208230805576,0.256459020078521,9645,,,8585099,106136,,
2024-01-06,156,2741.89541497898,10405.0535946934,90,90,0.546649705737623,1.53725123128911,0.256459020078521,15367,,,14856651,,,
2024-01-07,234,2823.21785959905,15323.2941498641,126,126,0.602572898702665,1.66066206794894,0.256459020078521,22311,,,16017922,,,
2024-01-08,221,2770.3362371516,14072.2994912318,116,116,0.767018764866477,1.53873151385263,0.252808445885151,20384,,,15127755,60078,,
2024-01-09,256,3068.97653955422,17829.6082955777,165,165,0.809517989287043,1.59432635753682,0.25709792811547,25317,,,19527309,,,
2024-01-10,194,3240.7747013975,17920.7904098894,157,116,0.667490010307727,3.51999238122251,0.262354945516537,21597,,,12085796,2423390,,
2024-01-11,233,2955.14996968973,15595.8263430027,140,140,0.675846245690892,1.6404375747433,0.256459020078521,22686,,,17901888,,,
2024-01-12,215,2824.06656349665,14008.174216842,115,113,0.74315897642888,1.75888357815885,0.256459020078521,20254,,,16030039,,,
2024-01-13,265,4067.99966852318,19616.5670947255,147,110,0.767092528827482,3.44014427834468,0.253054883849779,25714,,,24982626,2544910,,
2024-01-14,203,3402.34481807177,16976.2003203617,156,126,0.705718832070959,3.76408556734181,0.256459020078521,21720,,,16713321,1959623,,
2024-01-15,229,2937.70548865543,14336.3725448148,115,115,0.756373627896783,1.66452957308219,0.256459020078521,20780,,,17515355,60144,,
2024-01-16,182,3106.15763166077,14352.2597373101,130,92,0.768114311914981,3.3487927289417,0.243812919972406,19049,,,17336901,409819,,
2024-01-17,267,3333.73559359964,17826.2383689734,157,156,0.680857009309316,1.7086920236004,0.256459020078521,25769,,,23306345,,,
2024-01-18,240,3306.32089638918,14545.711892234,109,109,0.643851244375318,1.58204248065734,0.275884041459034,21415,,,22916541,,,
2024-01-19,226,3190.63633941556,13700.1948123165,93,93,0.696210539356362,1.68654591131227,0.258091505556739,20503,,,21264590,,,
2024-01-20,121,2561.40357844167,7935.4891226388,64,64,0.522603887855927,1.57260259541008,0.24580526957405,11586,,,12144100,60138,,
2024-01-21,171,2992.2652845973,10457.4122370946,66,66,0.75743101855425,1.59449626402108,0.251239720283135,15811,,,18431886,,,
2024-01-22,288,3745.21381870116,22556.8765259851,200,163,0.638892434094459,3.49606937967492,0.255226655403695,28906,,,20255317,2396863,,
2024-01-23,223,3408.58671100837,19628.439317484,181,141,0.712672154547916,3.53333622882568,0.256459020078521,24004,,,14378267,2677863,,
2024-01-24,172,2654.67035669934,10115.6174335987,80,80,0.577990459375241,1.4910637294327,0.256459020078521,15036,,,13611093,,,
2024-01-25,236,3247.38868560362,19772.0535490176,189,136,0.808132639901574,3.40836477472038,0.256459020078521,25433,,,16823964,1139124,,
2024-01-26,237,2866.81080427429,14422.2357705907,110,110,0.739823862781181,1.82400533893873,0.267144812581793,21169,,,16640419,,,
2024-01-27,276,3354.85104672327,19602.7316081913,146,127,0.798986383264431,3.45260097647602,0.247872709424071,26834,,,19103402,1140514,,
2024-01-28,238,3383.85426421746,18104.8958834211,145,113,0.689492833879776,3.42610610805947,0.256459020078521,23547,,,16334463,2137065,,
2024-01-29,233,3174.97150995539,15119.4691831194,135,135,0.610045973937921,1.58206597029789,0.256459020078521,22134,,,21040896,,,
2024-01-30,193,2856.5588596017,11684.3924203662,85,85,0.696420423275392,1.71115007455421,0.256459020078521,17140,,,16494025,,,
2024-01-31,269,3454.32067559152,21874.4253331908,206,172,0.797763668881431,3.44069148082404,0.256459020078521,28080,,,16948833,2088688,,
2024-02-01,213,2836.25473313458,13632.5016815969,127,127,0.688217033310614,1.84992726559329,0.267144812581793,19738,,,16204084,,,
2024-02-02,304,3525.18682632236,24406.6911513158,227,187,0.873718385380133,3.67719095317556,0.256459020078521,31543,,,19074918,1680962,,
2024-02-03,238,3049.22868330804,16320.3591141862,144,144,0.552827328787037,1.737415794781,0.256459020078521,23669,,,18685251,249020,,
2024-02-04,292,4309.31667850145,27700.0492756145,241,170,0.867344150651097,3.64095547335695,0.256459020078521,32600,,,20581720,4011399,,
2024-02-05,246,3252.10470285349,16738.479212504,147,147,0.772232823183734,1.92196162587952,0.256459020078521,24006,,,22141780,,,
2024-02-06,155,2758.46883653752,8451.89374727033,57,57,0.650341054640478,1.50834393582768,0.277830605085064,12641,,,15093318,,,
2024-02-07,178,3081.06509579586,11206.5498378459,80,79,0.594692847481183,1.86266988413066,0.256459020078521,16498,,,19699931,,,
2024-02-08,142,2811.0905116693,8346.45723460912,58,58,0.592985708711643,1.68962302180555,0.256459020078521,12583,,,15844747,,,
2024-02-09,245,3173.08484944485,15406.6812170813,123,123,0.617499479855815,1.65882930665815,0.267144812581793,22072,,,21013955,,,
2024-02-10,144,2934.72062274517,12208.1312554323,113,94,0.547044493428267,3.4906382197266,0.256459020078521,16181,,,13032364,1201135,,
2024-02-11,233,3721.59585915056,19514.1613789116,177,147,0.664042829988472,3.64765457579982,0.256459020078521,25819,,,21726906,1895940,,
2024-02-12,240,3610.44445622265,18877.8092319619,172,140,0.721958851788811,3.38745817893494,0.259909088484767,24270,,,19416953,2101698,,
2024-02-13,171,2681.42075508039,10619.0164151997,82,82,0.579314039246248,1.71686325896126,0.256459020078521,15440,,,13990001,,,
2024-02-14,253,3604.6158767864,18243.6203309598,154,134,0.705556315308176,3.55165542227872,0.256459020078521,24613,,,21860467,1479877,,
2024-02-15,131,2798.17637403921,7772.13286682807,59,59,0.684666327902834,1.55182585058126,0.252058461646052,11808,,,15660334,,,
2024-02-16,170,2500.84835686294,10642.9982450258,76,76,0.582971272999134,1.73207585608805,0.256459020078521,15314,,,11260583,68504,,
2024-02-17,175,2878.84811562239,10783.0107740363,67,67,0.576437184485314,1.61621404853107,0.256459020078521,16396,,,16812312,,,
2024-02-18,89,2488.61614160649,5003.11613610422,31,31,0.633146875259041,1.3985503994064,0.256459020078521,8008,,,11239871,,,
2024-02-19,233,3050.59636910088,14254.7472653387,107,107,0.66055631694014,1.66212178611979,0.256459020078521,20942,,,19264843,,,
2024-02-20,86,2581.5630124509,5018.89360326541,32,32,0.593350819451377,1.49584052575531,0.258006011925207,7917,,,12567036,,,
2024-02-21,193,2900.99567065422,12081.1325458939,89,89,0.622239610766975,1.55438953430815,0.262124237653904,17838,,,17128574,,,
2024-02-22,136,2409.62846012366,8909.19111757352,78,69,0.729027510381446,2.10649256101889,0.267144812581793,12778,,,10111942,,,
2024-02-23,207,2986.55122107093,13549.4130019382,124,102,0.660334012773937,2.77677355181383,0.256459020078521,19421,,,18182509,60308,,
2024-02-24,154,2390.20876083587,10536.3750182276,93,93,0.75930072816486,1.96428692928368,0.256459020078521,15201,,,9834633,,,
2024-02-25,253,3036.94370077755,20451.8704326151,210,151,0.752110364485088,3.68131571138603,0.256459020078521,27425,,,17701865,60170,,
2024-02-26,107,2310.80102380963,7067.51533572643,58,58,0.563950962851578,1.66222276018218,0.256459020078521,10366,,,8700706,,,
2024-02-27,262,3020.01689320611,18548.0909679805,165,162,0.73154551612646,1.99840010885788,0.267144812581793,26267,,,18826626,,,
2024-02-28,130,2691.7501461823,10611.1746907029,97,72,0.550211475861438,3.39158365848752,0.256459020078521,13649,,,10172416,947568,,
2024-02-29,192,2625.08330210976,12259.1438585967,108,108,0.588206522774554,1.72534122038268,0.277830605085064,17772,,,13188542,,,
2024-03-01,117,2388.33322101448,7748.67753891249,55,52,0.773777734312073,2.194342491078,0.255503196774265,11245,,,9800258,,,
2024-03-02,117,2594.05361197922,7295.65878660437,54,54,0.657443241803416,1.42636215340551,0.250076325706149,11201,,,12745498,,,
2024-03-03,306,3378.24279016751,21500.2744723709,199,194,0.718062318499869,2.42064234907365,0.256459020078521,30733,,,23413782,192795,,
2024-03-04,287,3331.98268928767,19256.0104162823,177,177,0.828254037080711,1.59195590009463,0.246858775718641,27473,,,23282434,,,
2024-03-05,136,2535.82335725801,8058.67532177758,60,60,0.756244941997432,1.5669250577684,0.252657101908293,12064,,,11913982,,,
2024-03-06,208,2839.59806860961,13723.5726155888,118,118,0.648112428020988,1.79978039086257,0.250161377541993,20047,,,16251826,,,
2024-03-07,178,2721.05460113121,11097.0673896718,98,98,0.707790279163884,1.5398272385675,0.256459020078521,16207,,,14559050,,,
2024-03-08,185,2723.20564190693,11444.606773924,85,85,0.780277283314492,1.72051312011505,0.267144812581793,16740,,,14589765,,,
2024-03-09,121,2475.82231646689,6424.95094403228,28,28,0.462469697455188,1.42500739663984,0.249794540224785,9964,,,10922073,60113,,
2024-03-10,150,2568.02592891272,9941.57977423722,82,81,0.506243886722432,1.83693320752024,0.256459020078521,14580,,,12373827,,,
2024-03-11,208,2828.87305730882,13351.4981017319,112,112,0.635806018431689,1.62809439403964,0.267144812581793,19348,,,16098676,,,
2024-03-12,242,3147.70754895008,14233.9746460474,101,101,0.678929295591249,1.62449934230021,0.256459020078521,20950,,,20651572,,,
2024-03-13,226,3096.23280296542,14222.2765446706,120,120,0.651404391342616,1.63097804642263,0.256459020078521,20878,,,19916524,,,
2024-03-14,181,2844.8461145688,10743.6021360893,76,76,0.590077250263771,1.92831831433993,0.256459020078521,16153,,,16326769,,,
2024-03-15,154,2837.49406611698,10261.9386482835,87,87,0.499022154120859,1.50455047702487,0.256459020078521,15510,,,16221781,,,
2024-03-16,164,2812.38239033006,10353.9813307796,94,94,0.509883662468506,1.45086535652775,0.256459020078521,15538,,,15863191,,,
2024-03-17,114,2383.43705960939,6743.01797271884,47,47,0.62335801178289,1.51605635414628,0.256459020078521,10385,,,9737933,,,
2024-03-18,245,3427.83365422578,20780.8392890174,200,162,0.826681027533117,3.43186768420122,0.256459020078521,25947,,,15512035,2485526,,
2024-03-19,138,2650.95215002552,8049.82852387399,58,58,0.667628293604204,1.59372291509265,0.256459020078521,12024,,,13558000,,,
2024-03-20,231,2985.10324128904,13660.8417923471,105,105,0.678635472019656,1.5390538872613,0.262698687112547,20058,,,18329615,,,
2024-03-21,179,2511.09996401563,10320.0889077204,68,68,0.565715643247173,1.5882860530779,0.254300469175629,15421,,,11560936,,,
2024-03-22,149,2494.78183555696,10450.6106890408,99,99,0.549111866619553,1.60474595343542,0.264209120899241,14798,,,11327918,,,
2024-03-23,273,3359.0444912496,20101.7252872301,163,128,0.596064315532425,2.691358492344,0.243210021094855,28059,,,23589988,,,
2024-03-24,241,3374.30995428269,19903.9977749649,189,161,0.85290355919665,3.41133935609406,0.249937853378587,26182,,,19117991,1232082,,
2024-03-25,105,2470.06057159456,6674.48225950366,53,53,0.509415129384623,1.6238781274462,0.256459020078521,9880,,,10974901,,,
2024-03-26,202,3419.45240852804,18614.554895996,179,141,1.00884432463909,3.63825443337746,0.256459020078521,22730,,,15307536,2389287,,
2024-03-27,173,2762.85858523874,12149.0082313892,115,115,0.56967042914829,1.57979773870208,0.256459020078521,17597,,,15156002,,,
2024-03-28,179,3269.1148017456,16367.7034952871,158,112,0.749075233593965,3.50323531258857,0.256459020078521,20136,,,14861440,1861212,,
2024-03-29,209,3104.96051837828,11213.1241304279,53,52,0.739970253189901,1.91236177432807,0.256459020078521,17131,,,20041152,,,
2024-03-30,219,2995.38743868953,13373.3675579722,103,103,0.669040942748479,1.47104884132105,0.267144812581793,20024,,,18476468,,,
2024-03-31,214,2476.84538168547,11873.2986930124,64,64,0.613073690943581,1.45939233409549,0.250101040079318,17776,,,12084165,,,
2024-04-01,159,2608.78270327874,8665.69282565742,47,47,0.45999512750077,1.45537122453913,0.256459020078521,13290,,,12955825,,,
2024-04-02,261,2758.91029033443,14480.1937148172,69,69,0.712492040636441,1.44013758861051,0.254343764645672,21808,,,15099619,,,
2024-04-03,122,2400.9355515441,5173.94551933814,8,8,0.604017131278548,1.47091472818787,0.252881727466178,8290,,,9987808,,,
2024-04-04,158,2616.34456060662,8973.03652252424,65,65,0.560074410380143,1.68156050508783,0.264486221173693,13372,,,13063808,,,
2024-04-05,240,2890.24499864525,15242.41953514,130,127,0.711342474162438,2.581242586809,0.264258240526114,22061,,,16975054,,,
2024-04-06,246,3377.58049072283,19615.3574739961,198,156,0.750404399216752,3.43270956487064,0.256459020078521,25902,,,19818984,1072159,,
2024-04-07,155,2515.57763816845,9898.90394452927,74,62,0.666314371767781,2.49511036920813,0.249654633893481,14211,,,9492890,890652,,
2024-04-08,227,2934.67988111393,14682.8965656702,123,123,0.72047383445214,1.60494176126063,0.248845719839216,21390,,,17609578,,,
2024-04-09,181,2824.51232061138,10940.1052060798,82,82,0.634590164039535,1.52276588776877,0.277830605085064,16157,,,16036405,,,
2024-04-10,295,3763.49190920387,23759.879425056,217,171,0.814991170193177,3.37695945073472,0.277830605085064,30191,,,18961445,3062718,,
2024-04-11,167,2771.22343151806,10060.4322369178,74,74,0.653648268311936,1.67568814123167,0.256459020078521,15033,,,15275450,,,
2024-04-12,198,2711.19223441491,11424.8539041713,56,55,0.663463099486866,1.74556764895352,0.256459020078521,17183,,,14418216,,,
2024-04-13,330,3411.68509088629,22067.517929969,185,185,0.717558018745984,1.49309786134252,0.256459020078521,31941,,,24421124,,,
2024-04-14,225,3328.09205670294,18898.9396824669,198,162,0.765675360350827,3.43321111984526,0.252022320370569,25134,,,19231154,1075958,,
2024-04-15,176,2637.25381519136,12160.2639536028,115,115,0.614268865696033,1.51803936203194,0.256459020078521,17762,,,13969754,,,
2024-04-16,280,2708.08746905895,18189.7805000916,148,148,0.632866880274794,1.73652469434603,0.256459020078521,26318,,,15423232,,,
2024-04-17,120,2407.53156182687,7538.39043046011,53,53,0.530138934149542,1.53335065318247,0.267144812581793,11430,,,10951304,,,
2024-04-18,205,2593.29705049266,14006.0251928036,122,122,0.785673962544135,1.56052522170566,0.250878991764408,20209,,,13715282,,,
2024-04-19,107,2383.82557692834,6249.74445562236,36,36,0.480064097868214,1.38925814307506,0.255061460633785,9771,,,10598588,,,
2024-04-20,178,2482.91236623435,10771.8526080498,71,71,0.577057435810189,1.52765795681375,0.267144812581793,15957,,,12072882,,,
2024-04-21,178,2489.41046073514,9759.11137430111,71,71,0.543370305756601,1.43185700495777,0.288516397588336,14487,,,12169568,,,
2024-04-22,337,3428.28443053807,20606.0447201386,166,166,0.71796707039672,1.96781397294936,0.256459020078521,30055,,,26138936,,,
2024-04-23,228,2682.74251079623,12670.880486254,81,81,0.626466838995287,1.56270109883037,0.262645483763606,18971,,,15046127,,,
2024-04-24,190,2677.12128100406,11666.3445404129,89,89,0.698177529017626,1.60867018837553,0.256459020078521,17270,,,14962488,,,
2024-04-25,164,2499.88058301969,9610.46556876717,75,75,0.613832224406703,1.46311065972804,0.267144812581793,14258,,,12325354,,,
2024-04-26,264,3246.14925047438,19239.2345323117,156,126,0.77923230655188,3.41696967154262,0.257742026819727,25251,,,16959665,1687110,,
2024-04-27,247,3602.97320394924,19131.9392587868,153,123,0.677869641327169,3.42739883228292,0.251722369919047,25054,,,20318095,2267199,,
2024-04-28,291,2779.46060051937,16202.8672010118,94,94,0.49863186064268,1.49444039718205,0.2443990384237,24433,,,16342064,63496,,
2024-04-29,286,3132.39219987943,17821.4238185453,131,130,0.727627791128933,1.98610989543667,0.256459020078521,26162,,,21736399,,,
2024-04-30,316,3425.12757909759,22076.319052131,199,165,0.769595680474683,3.37648308325818,0.269369600633052,29424,,,20246832,1698799,,
2024-05-01,86,2555.16640960844,5187.57247202848,35,35,0.427721673125034,1.41932738349907,0.256459020078521,9080,,,13147942,,,
2024-05-02,198,2666.494759938,11750.8983918189,93,93,0.632312480486628,1.51547496519449,0.256459020078521,17440,,,14804379,,,
2024-05-03,225,3176.18326219344,17947.706085752,166,130,0.766594248383802,3.6482826823894,0.256459020078521,23201,,,15847235,1765778,,
2024-05-04,177,3043.92885304872,9603.26475510132,44,44,0.490463879205488,1.43553736935577,0.256459020078521,15181,,,19067789,600000,,
2024-05-05,249,3061.02459678049,16806.8658711785,147,133,0.652452466930252,2.80211459779874,0.256459020078521,24093,,,18397652,884901,,
2024-05-06,223,2908.31536576608,15401.818996155,138,118,0.744984313415154,3.47946301606445,0.253057889327521,21782,,,17025472,350197,,
2024-05-07,166,2652.45144311073,9126.08586513369,60,55,0.628828672512792,1.88608905215417,0.256459020078521,13685,,,14595433,,,
2024-05-08,246,2832.96697398018,17068.9665538986,156,137,0.67803927692023,3.40509793160309,0.272460180127275,23971,,,15538870,471713,,
2024-05-09,162,1903.65218638415,10603.4972365335,89,69,0.761899978839142,2.65330728923167,0.300068270599551,14602,,,10578530,,,
